id,texte,statistique
1,La data science est essentielle pour l'analyse des tendances.,45
2,L'analyse des données permet de prendre des décisions éclairées.,50
3,Les modèles prédictifs sont au cœur de la data science.,55
4,Python est largement utilisé pour l'analyse de données.,60
5,Les données structurées facilitent l'extraction d'informations.,40
6,L'apprentissage automatique est une branche de la data science.,70
7,Les visualisations de données aident à comprendre les résultats.,65
8,La qualité des données est cruciale pour des analyses précises.,75
9,Les statistiques descriptives résument les caractéristiques des données.,55
10,La manipulation des données est une compétence clé en data science.,60
11,Les algorithmes de machine learning nécessitent de grandes quantités de données.,80
12,Les outils de visualisation comme Matplotlib et Seaborn sont populaires en data science.,65
13,La préparation des données est une étape fondamentale du processus de data science.,70
14,L'intelligence artificielle et la data science sont étroitement liées.,75
15,Les réseaux de neurones sont utilisés pour des tâches complexes en data science.,85
16,Les bases de données relationnelles sont couramment utilisées pour stocker les données.,50
17,Les données non structurées peuvent être difficiles à analyser sans techniques avancées.,60
18,Le nettoyage des données améliore la qualité des analyses.,65
19,Les big data requièrent des technologies spécifiques pour leur traitement.,90
20,L'analyse en temps réel des données offre un avantage concurrentiel.,85
21,Les algorithmes de machine learning nécessitent de grandes quantités de données.,80
22,Les outils de visualisation comme Matplotlib et Seaborn sont populaires en data science.,65
23,La préparation des données est une étape fondamentale du processus de data science.,70
24,L'intelligence artificielle et la data science sont étroitement liées.,75
25,Les réseaux de neurones sont utilisés pour des tâches complexes en data science.,85
26,Les bases de données relationnelles sont couramment utilisées pour stocker les données.,50
27,Les données non structurées peuvent être difficiles à analyser sans techniques avancées.,60
28,Le nettoyage des données améliore la qualité des analyses.,65
29,Les big data requièrent des technologies spécifiques pour leur traitement.,90
30,L'analyse en temps réel des données offre un avantage concurrentiel.,85
31,Les algorithmes de machine learning nécessitent de grandes quantités de données.,80
32,Les outils de visualisation comme Matplotlib et Seaborn sont populaires en data science.,65
33,La préparation des données est une étape fondamentale du processus de data science.,70
34,L'intelligence artificielle et la data science sont étroitement liées.,75
35,Les réseaux de neurones sont utilisés pour des tâches complexes en data science.,85
36,Les bases de données relationnelles sont couramment utilisées pour stocker les données.,50
37,Les données non structurées peuvent être difficiles à analyser sans techniques avancées.,60
38,Le nettoyage des données améliore la qualité des analyses.,65
39,Les big data requièrent des technologies spécifiques pour leur traitement.,90
40,L'analyse en temps réel des données offre un avantage concurrentiel.,85
41,Les algorithmes de machine learning nécessitent de grandes quantités de données.,80
42,Les outils de visualisation comme Matplotlib et Seaborn sont populaires en data science.,65
43,La préparation des données est une étape fondamentale du processus de data science.,70
44,L'intelligence artificielle et la data science sont étroitement liées.,75
45,Les réseaux de neurones sont utilisés pour des tâches complexes en data science.,85
46,Les bases de données relationnelles sont couramment utilisées pour stocker les données.,50
47,Les données non structurées peuvent être difficiles à analyser sans techniques avancées.,60
48,Le nettoyage des données améliore la qualité des analyses.,65
49,Les big data requièrent des technologies spécifiques pour leur traitement.,90
50,L'analyse en temps réel des données offre un avantage concurrentiel.,85
51,Les algorithmes de machine learning nécessitent de grandes quantités de données.,80
52,Les outils de visualisation comme Matplotlib et Seaborn sont populaires en data science.,65
53,La préparation des données est une étape fondamentale du processus de data science.,70
54,L'intelligence artificielle et la data science sont étroitement liées.,75
55,Les réseaux de neurones sont utilisés pour des tâches complexes en data science.,85
56,Les bases de données relationnelles sont couramment utilisées pour stocker les données.,50
57,Les données non structurées peuvent être difficiles à analyser sans techniques avancées.,60
58,Le nettoyage des données améliore la qualité des analyses.,65
59,Les big data requièrent des technologies spécifiques pour leur traitement.,90
60,L'analyse en temps réel des données offre un avantage concurrentiel.,85
61,Les algorithmes de machine learning nécessitent de grandes quantités de données.,80
62,Les outils de visualisation comme Matplotlib et Seaborn sont populaires en data science.,65
63,La préparation des données est une étape fondamentale du processus de data science.,70
64,L'intelligence artificielle et la data science sont étroitement liées.,75
65,Les réseaux de neurones sont utilisés pour des tâches complexes en data science.,85
66,Les bases de données relationnelles sont couramment utilisées pour stocker les données.,50
67,Les données non structurées peuvent être difficiles à analyser sans techniques avancées.,60
68,Le nettoyage des données améliore la qualité des analyses.,65
69,Les big data requièrent des technologies spécifiques pour leur traitement.,90
70,L'analyse en temps réel des données offre un avantage concurrentiel.,85
71,Les algorithmes de machine learning nécessitent de grandes quantités de données.,80
72,Les outils de visualisation comme Matplotlib et Seaborn sont populaires en data science.,65
73,La préparation des données est une étape fondamentale du processus de data science.,70
74,L'intelligence artificielle et la data science sont étroitement liées.,75
75,Les réseaux de neurones sont utilisés pour des tâches complexes en data science.,85
76,Les bases de données relationnelles sont couramment utilisées pour stocker les données.,50
77,Les données non structurées peuvent être difficiles à analyser sans techniques avancées.,60
78,Le nettoyage des données améliore la qualité des analyses.,65
79,Les big data requièrent des technologies spécifiques pour leur traitement.,90
80,L'analyse en temps réel des données offre un avantage concurrentiel.,85
81,Les algorithmes de machine learning nécessitent de grandes quantités de données.,80
82,Les outils de visualisation comme Matplotlib et Seaborn sont populaires en data science.,65
83,La préparation des données est une étape fondamentale du processus de data science.,70
84,L'intelligence artificielle et la data science sont étroitement liées.,75
85,Les réseaux de neurones sont utilisés pour des tâches complexes en data science.,85
86,Les bases de données relationnelles sont couramment utilisées pour stocker les données.,50
87,Les données non structurées peuvent être difficiles à analyser sans techniques avancées.,60
88,Le nettoyage des données améliore la qualité des analyses.,65
89,Les big data requièrent des technologies spécifiques pour leur traitement.,90
90,L'analyse en temps réel des données offre un avantage concurrentiel.,85
91,Les algorithmes de machine learning nécessitent de grandes quantités de données.,80
92,Les outils de visualisation comme Matplotlib et Seaborn sont populaires en data science.,65
93,La préparation des données est une étape fondamentale du processus de data science.,70
94,L'intelligence artificielle et la data science sont étroitement liées.,75
95,Les réseaux de neurones sont utilisés pour des tâches complexes en data science.,85
96,Les bases de données relationnelles sont couramment utilisées pour stocker les données.,50
97,Les données non structurées peuvent être difficiles à analyser sans techniques avancées.,60
98,Le nettoyage des données améliore la qualité des analyses.,65
99,Les big data requièrent des technologies spécifiques pour leur traitement.,90
100,L'analyse en temps réel des données offre un avantage concurrentiel.,85
101,Les algorithmes de machine learning nécessitent de grandes quantités de données.,80
102,Les outils de visualisation comme Matplotlib et Seaborn sont populaires en data science.,65
103,La préparation des données est une étape fondamentale du processus de data science.,70
104,L'intelligence artificielle et la data science sont étroitement liées.,75
105,Les réseaux de neurones sont utilisés pour des tâches complexes en data science.,85
106,Les bases de données relationnelles sont couramment utilisées pour stocker les données.,50
107,Les données non structurées peuvent être difficiles à analyser sans techniques avancées.,60
108,Le nettoyage des données améliore la qualité des analyses.,65
109,Les big data requièrent des technologies spécifiques pour leur traitement.,90
110,L'analyse en temps réel des données offre un avantage concurrentiel.,85
111,Les algorithmes de machine learning nécessitent de grandes quantités de données.,80
112,Les outils de visualisation comme Matplotlib et Seaborn sont populaires en data science.,65
113,La préparation des données est une étape fondamentale du processus de data science.,70
114,L'intelligence artificielle et la data science sont étroitement liées.,75
115,Les réseaux de neurones sont utilisés pour des tâches complexes en data science.,85
116,Les bases de données relationnelles sont couramment utilisées pour stocker les données.,50
117,Les données non structurées peuvent être difficiles à analyser sans techniques avancées.,60
118,Le nettoyage des données améliore la qualité des analyses.,65
119,Les big data requièrent des technologies spécifiques pour leur traitement.,90
120,L'analyse en temps réel des données offre un avantage concurrentiel.,85
121,Les algorithmes de machine learning nécessitent de grandes quantités de données.,80
122,Les outils de visualisation comme Matplotlib et Seaborn sont populaires en data science.,65
123,La préparation des données est une étape fondamentale du processus de data science.,70
124,L'intelligence artificielle et la data science sont étroitement liées.,75
125,Les réseaux de neurones sont utilisés pour des tâches complexes en data science.,85
126,Les bases de données relationnelles sont couramment utilisées pour stocker les données.,50
127,Les données non structurées peuvent être difficiles à analyser sans techniques avancées.,60
128,Le nettoyage des données améliore la qualité des analyses.,65
129,Les big data requièrent des technologies spécifiques pour leur traitement.,90
130,L'analyse en temps réel des données offre un avantage concurrentiel.,85
131,Les algorithmes de machine learning nécessitent de grandes quantités de données.,80
132,Les outils de visualisation comme Matplotlib et Seaborn sont populaires en data science.,65
133,La préparation des données est une étape fondamentale du processus de data science.,70
134,L'intelligence artificielle et la data science sont étroitement liées.,75
135,Les réseaux de neurones sont utilisés pour des tâches complexes en data science.,85
136,Les bases de données relationnelles sont couramment utilisées pour stocker les données.,50
137,Les données non structurées peuvent être difficiles à analyser sans techniques avancées.,60
138,Le nettoyage des données améliore la qualité des analyses.,65
139,Les big data requièrent des technologies spécifiques pour leur traitement.,90
140,L'analyse en temps réel des données offre un avantage concurrentiel.,85
141,Les algorithmes de machine learning nécessitent de grandes quantités de données.,80
142,Les outils de visualisation comme Matplotlib et Seaborn sont populaires en data science.,65
143,La préparation des données est une étape fondamentale du processus de data science.,70
144,L'intelligence artificielle et la data science sont étroitement liées.,75
145,Les réseaux de neurones sont utilisés pour des tâches complexes en data science.,85
146,Les bases de données relationnelles sont couramment utilisées pour stocker les données.,50
147,Les données non structurées peuvent être difficiles à analyser sans techniques avancées.,60
148,Le nettoyage des données améliore la qualité des analyses.,65
149,Les big data requièrent des technologies spécifiques pour leur traitement.,90
150,L'analyse en temps réel des données offre un avantage concurrentiel.,85
151,Les algorithmes de machine learning nécessitent de grandes quantités de données.,80
152,Les outils de visualisation comme Matplotlib et Seaborn sont populaires en data science.,65
153,La préparation des données est une étape fondamentale du processus de data science.,70
154,L'intelligence artificielle et la data science sont étroitement liées.,75
155,Les réseaux de neurones sont utilisés pour des tâches complexes en data science.,85
156,Les bases de données relationnelles sont couramment utilisées pour stocker les données.,50
157,Les données non structurées peuvent être difficiles à analyser sans techniques avancées.,60
158,Le nettoyage des données améliore la qualité des analyses.,65
159,Les big data requièrent des technologies spécifiques pour leur traitement.,90
160,L'analyse en temps réel des données offre un avantage concurrentiel.,85
161,Les algorithmes de machine learning nécessitent de grandes quantités de données.,80
162,Les outils de visualisation comme Matplotlib et Seaborn sont populaires en data science.,65
163,La préparation des données est une étape fondamentale du processus de data science.,70
164,L'intelligence artificielle et la data science sont étroitement liées.,75
165,Les réseaux de neurones sont utilisés pour des tâches complexes en data science.,85
166,Les bases de données relationnelles sont couramment utilisées pour stocker les données.,50
167,Les données non structurées peuvent être difficiles à analyser sans techniques avancées.,60
168,Le nettoyage des données améliore la qualité des analyses.,65
169,Les big data requièrent des technologies spécifiques pour leur traitement.,90
170,L'analyse en temps réel des données offre un avantage concurrentiel.,85
171,Les algorithmes de machine learning nécessitent de grandes quantités de données.,80
172,Les outils de visualisation comme Matplotlib et Seaborn sont populaires en data science.,65
173,La préparation des données est une étape fondamentale du processus de data science.,70
174,L'intelligence artificielle et la data science sont étroitement liées.,75
175,Les réseaux de neurones sont utilisés pour des tâches complexes en data science.,85
176,Les bases de données relationnelles sont couramment utilisées pour stocker les données.,50
177,Les données non structurées peuvent être difficiles à analyser sans techniques avancées.,60
178,Le nettoyage des données améliore la qualité des analyses.,65
179,Les big data requièrent des technologies spécifiques pour leur traitement.,90
180,L'analyse en temps réel des données offre un avantage concurrentiel.,85
181,Les algorithmes de machine learning nécessitent de grandes quantités de données.,80
182,Les outils de visualisation comme Matplotlib et Seaborn sont populaires en data science.,65
183,La préparation des données est une étape fondamentale du processus de data science.,70
184,L'intelligence artificielle et la data science sont étroitement liées.,75
185,Les réseaux de neurones sont utilisés pour des tâches complexes en data science.,85
186,Les bases de données relationnelles sont couramment utilisées pour stocker les données.,50
187,Les données non structurées peuvent être difficiles à analyser sans techniques avancées.,60
188,Le nettoyage des données améliore la qualité des analyses.,65
189,Les big data requièrent des technologies spécifiques pour leur traitement.,90
190,L'analyse en temps réel des données offre un avantage concurrentiel.,85
191,Les algorithmes de machine learning nécessitent de grandes quantités de données.,80
192,Les outils de visualisation comme Matplotlib et Seaborn sont populaires en data science.,65
193,La préparation des données est une étape fondamentale du processus de data science.,70
194,L'intelligence artificielle et la data science sont étroitement liées.,75
195,Les réseaux de neurones sont utilisés pour des tâches complexes en data science.,85
196,Les bases de données relationnelles sont couramment utilisées pour stocker les données.,50
197,Les données non structurées peuvent être difficiles à analyser sans techniques avancées.,60
198,Le nettoyage des données améliore la qualité des analyses.,65
199,Les big data requièrent des technologies spécifiques pour leur traitement.,90
200,L'analyse en temps réel des données offre un avantage concurrentiel.,85
